{
    "counter": {
        "ACTIVE": 27158,
        "INACTIVE": 2586,
        "INVALID": 0,
        "MALICIOUS": 0,
        "SANE": 0,
        "VALID": 0,
        "total": 29744
    },
    "percentage": {
        "ACTIVE": 91.30887940019501,
        "INACTIVE": 8.694190424959656,
        "INVALID": 0,
        "MALICIOUS": 0,
        "SANE": 0,
        "VALID": 0,
        "total": 100.00306982515467
    }
}