{
    "counter": {
        "ACTIVE": 36803,
        "INACTIVE": 3729,
        "INVALID": 0,
        "MALICIOUS": 0,
        "SANE": 0,
        "VALID": 0,
        "total": 40532
    },
    "percentage": {
        "ACTIVE": 90.80882352941177,
        "INACTIVE": 9.200138162439554,
        "INVALID": 0,
        "MALICIOUS": 0,
        "SANE": 0,
        "VALID": 0,
        "total": 100.00896169185133
    }
}