{
    "counter": {
        "ACTIVE": 36548,
        "INACTIVE": 3683,
        "INVALID": 0,
        "MALICIOUS": 0,
        "SANE": 0,
        "VALID": 0,
        "total": 40231
    },
    "percentage": {
        "ACTIVE": 90.84762614963957,
        "INACTIVE": 9.154632000198852,
        "INVALID": 0,
        "MALICIOUS": 0,
        "SANE": 0,
        "VALID": 0,
        "total": 100.00225814983841
    }
}