{
    "counter": {
        "ACTIVE": 36450,
        "INACTIVE": 3667,
        "INVALID": 0,
        "MALICIOUS": 0,
        "SANE": 0,
        "VALID": 0,
        "total": 40117
    },
    "percentage": {
        "ACTIVE": 90.85923673255726,
        "INACTIVE": 9.141446876402254,
        "INVALID": 0,
        "MALICIOUS": 0,
        "SANE": 0,
        "VALID": 0,
        "total": 100.00068360895952
    }
}