{
    "counter": {
        "ACTIVE": 31739,
        "INACTIVE": 3085,
        "INVALID": 0,
        "MALICIOUS": 0,
        "SANE": 0,
        "VALID": 0,
        "total": 34824
    },
    "percentage": {
        "ACTIVE": 91.1411670112566,
        "INACTIVE": 8.860868566176471,
        "INVALID": 0,
        "MALICIOUS": 0,
        "SANE": 0,
        "VALID": 0,
        "total": 100.00203557743308
    }
}