{
    "counter": {
        "ACTIVE": 36772,
        "INACTIVE": 3723,
        "INVALID": 0,
        "MALICIOUS": 0,
        "SANE": 0,
        "VALID": 0,
        "total": 40495
    },
    "percentage": {
        "ACTIVE": 90.8062723793061,
        "INACTIVE": 9.196225669400256,
        "INVALID": 0,
        "MALICIOUS": 0,
        "SANE": 0,
        "VALID": 0,
        "total": 100.00249804870634
    }
}