{
    "counter": {
        "ACTIVE": 15212,
        "INACTIVE": 600,
        "INVALID": 0,
        "MALICIOUS": 0,
        "SANE": 0,
        "VALID": 0,
        "total": 15812
    },
    "percentage": {
        "ACTIVE": 96.20541360991652,
        "INACTIVE": 3.7960268252562317,
        "INVALID": 0,
        "MALICIOUS": 0,
        "SANE": 0,
        "VALID": 0,
        "total": 100.00144043517275
    }
}