{
    "counter": {
        "ACTIVE": 25329,
        "INACTIVE": 2375,
        "INVALID": 0,
        "MALICIOUS": 0,
        "SANE": 0,
        "VALID": 0,
        "total": 27704
    },
    "percentage": {
        "ACTIVE": 91.42723072480509,
        "INACTIVE": 8.573388203017833,
        "INVALID": 0,
        "MALICIOUS": 0,
        "SANE": 0,
        "VALID": 0,
        "total": 100.00061892782291
    }
}