{
    "counter": {
        "ACTIVE": 22561,
        "INACTIVE": 1991,
        "INVALID": 0,
        "MALICIOUS": 0,
        "SANE": 0,
        "VALID": 0,
        "total": 24552
    },
    "percentage": {
        "ACTIVE": 91.89068100358423,
        "INACTIVE": 8.110309992260378,
        "INVALID": 0,
        "MALICIOUS": 0,
        "SANE": 0,
        "VALID": 0,
        "total": 100.00099099584462
    }
}