{
    "counter": {
        "ACTIVE": 29458,
        "INACTIVE": 2873,
        "INVALID": 0,
        "MALICIOUS": 0,
        "SANE": 0,
        "VALID": 0,
        "total": 32331
    },
    "percentage": {
        "ACTIVE": 91.11660995978967,
        "INACTIVE": 8.886208283071975,
        "INVALID": 0,
        "MALICIOUS": 0,
        "SANE": 0,
        "VALID": 0,
        "total": 100.00281824286165
    }
}