{
    "counter": {
        "ACTIVE": 33857,
        "INACTIVE": 3363,
        "INVALID": 0,
        "MALICIOUS": 0,
        "SANE": 0,
        "VALID": 0,
        "total": 37220
    },
    "percentage": {
        "ACTIVE": 90.96453519613111,
        "INACTIVE": 9.040079567753555,
        "INVALID": 0,
        "MALICIOUS": 0,
        "SANE": 0,
        "VALID": 0,
        "total": 100.00461476388466
    }
}