{
    "counter": {
        "ACTIVE": 19294,
        "INACTIVE": 1267,
        "INVALID": 0,
        "MALICIOUS": 0,
        "SANE": 0,
        "VALID": 0,
        "total": 20561
    },
    "percentage": {
        "ACTIVE": 93.83784835367929,
        "INACTIVE": 6.171757026645234,
        "INVALID": 0,
        "MALICIOUS": 0,
        "SANE": 0,
        "VALID": 0,
        "total": 100.00960538032453
    }
}