{
    "counter": {
        "ACTIVE": 32825,
        "INACTIVE": 3237,
        "INVALID": 0,
        "MALICIOUS": 0,
        "SANE": 0,
        "VALID": 0,
        "total": 36062
    },
    "percentage": {
        "ACTIVE": 91.02379235760634,
        "INACTIVE": 8.979444644789037,
        "INVALID": 0,
        "MALICIOUS": 0,
        "SANE": 0,
        "VALID": 0,
        "total": 100.00323700239538
    }
}