{
    "counter": {
        "ACTIVE": 34592,
        "INACTIVE": 3456,
        "INVALID": 0,
        "MALICIOUS": 0,
        "SANE": 0,
        "VALID": 0,
        "total": 38048
    },
    "percentage": {
        "ACTIVE": 90.91673675357443,
        "INACTIVE": 9.085173501577287,
        "INVALID": 0,
        "MALICIOUS": 0,
        "SANE": 0,
        "VALID": 0,
        "total": 100.00191025515171
    }
}